ref_year,provider_code,code_year,provider_name,success_rate
2011,1019,1019-2011,James Cook University,85.72
2011,1034,1034-2011,Murdoch University,82.71
2011,1055,1055-2011,The University of Western Australia,91.28
2011,1058,1058-2011,University of Wollongong,90.28
2011,2148,2148-2011,The National Institute of Dramatic Art,97.59
2011,2154,2154-2011,Federation University Australia,85.45
2011,2170,2170-2011,Marcus Oldham College,98.08
2011,2177,2177-2011,Swinburne University of Technology,83.06
2011,2200,2200-2011,CQUniversity,83.19
2011,2201,2201-2011,University of Southern Queensland,80.1
2011,2235,2235-2011,Edith Cowan University,84.75
2011,2236,2236-2011,Curtin University,87.12
2011,2241,2241-2011,University of Canberra,84.43
2011,2246,2246-2011,Batchelor Institute of Indigenous Tertiary Education,57.29
2011,2252,2252-2011,Avondale College of Higher Education,92.63
2011,2271,2271-2011,"Australian Film, Television and Radio School",98.49
2011,3001,3001-2011,Charles Darwin University,85.27
2011,3003,3003-2011,Bond University,80.17
2011,3004,3004-2011,Western Sydney University,83.06
2011,3005,3005-2011,Charles Sturt University,83.02
2011,3006,3006-2011,Australian Catholic University,90.22
2011,3007,3007-2011,Victoria University,82.31
2011,3010,3010-2011,The University of Adelaide,87.6
2011,3013,3013-2011,University of New South Wales,93.14
2011,3014,3014-2011,The University of Newcastle,87.03
2011,3016,3016-2011,University of Technology Sydney,90.83
2011,3019,3019-2011,The University of Queensland,90.97
2011,3020,3020-2011,La Trobe University,88.3
2011,3025,3025-2011,Macquarie University,86.33
2011,3027,3027-2011,University of South Australia,88.57
2011,3029,3029-2011,Flinders University,87.19
2011,3030,3030-2011,Deakin University,85.36
2011,3032,3032-2011,Griffith University,88.44
2011,3033,3033-2011,The Australian National University,93.11
2011,3034,3034-2011,RMIT University,88.28
2011,3035,3035-2011,Monash University,91.1
2011,3036,3036-2011,The University of Melbourne,94.36
2011,3038,3038-2011,Southern Cross University,81.21
2011,3039,3039-2011,The University of New England,82.37
2011,3040,3040-2011,The University of Sydney,92.16
2011,3042,3042-2011,Queensland University of Technology,89.32
2011,3043,3043-2011,University of the Sunshine Coast,85.2
2011,3044,3044-2011,The University of Notre Dame Australia,90.86
2011,3045,3045-2011,University of Tasmania,87.47
2011,4331,4331-2011,University of Divinity,91.34
2011,4332,4332-2011,Sydney College of Divinity,89.6
2011,4333,4333-2011,Christian Heritage College,79.17
2011,4334,4334-2011,Tabor Adelaide,85.57
2011,4335,4335-2011,Australian College of Theology,92.62
2011,4336,4336-2011,Australian College of Applied Psychology,74.1
2011,4337,4337-2011,Eastern College Australia,82.35
2011,4338,4338-2011,Moore Theological College,96.48
2011,4339,4339-2011,Holmes Institute,66.9
2011,4340,4340-2011,Monash College,81.52
2011,4341,4341-2011,Harvest Bible College,82.77
2011,4342,4342-2011,Australian Lutheran College,95.04
2011,4343,4343-2011,Australian Institute of Music,100
2011,4344,4344-2011,South Aust Institute of Business & Technology,65.84
2011,4346,4346-2011,Excelsia College,92.8
2011,4347,4347-2011,Tabor College NSW,85.32
2011,4348,4348-2011,Deakin College,67.84
2011,4349,4349-2011,Sydney Institute of Business and Technology,72
2011,4350,4350-2011,Queensland Institute of Business and Technology,76.84
2011,4351,4351-2011,Navitas College of Public Safety Pty Ltd,79.74
2011,4352,4352-2011,The Australian College of Physical Education,86.34
2011,4355,4355-2011,Adelaide College of Divinity,89.24
2011,4357,4357-2011,Blue Mountains Intl Hotel Management School,100
2011,4359,4359-2011,The College of Law,83.75
2011,4360,4360-2011,Perth Bible College,76.93
2011,4361,4361-2011,Endeavour College of Natural Health,86.93
2011,4362,4362-2011,International College of Hotel Management,96.3
2011,4363,4363-2011,Northern Melbourne Institute of TAFE,83.26
2011,4364,4364-2011,Edith Cowan College,70.62
2011,4365,4365-2011,Curtin College,75.51
2011,4366,4366-2011,Box Hill Institute,86.63
2011,4367,4367-2011,Melbourne Institute of Technology,76.44
2011,4368,4368-2011,Campion College,95.12
2011,4370,4370-2011,Tabor College Tasmania,100
2011,4371,4371-2011,SAE Creative Media Institute,75.69
2011,4372,4372-2011,The Gordon,91.27
2011,4373,4373-2011,Jansen Newman Institute Pty. Limited,97.7
2011,4374,4374-2011,Carnegie Mellon University Australia,99.55
2011,4375,4375-2011,Think: Colleges Pty Ltd,81.32
2011,4376,4376-2011,Nature Care College,96.22
2011,4377,4377-2011,UOW College,66.54
2011,4378,4378-2011,JMC Academy,86.39
2011,4380,4380-2011,UTS:INSEARCH,84.66
2011,4381,4381-2011,"International College of Management, Sydney",81.7
2011,4382,4382-2011,Australian Guild of Music Education Inc.,56.76
2011,4383,4383-2011,Holmesglen Institute of TAFE,81.16
2011,4384,4384-2011,Kaplan Business School,74.94
2011,4385,4385-2011,Polytechnic West,76.83
2011,4386,4386-2011,Macleay College,98.63
2011,4387,4387-2011,Raffles College of Design and Commerce,89.48
2011,4388,4388-2011,Australian Academy of Music and Performing Arts,68.45
2011,4389,4389-2011,Cairnmillar Institute School,91.63
2011,4391,4391-2011,Eynesbury,74.96
2011,4392,4392-2011,Gestalt Therapy Brisbane,97.26
2011,4393,4393-2011,MIECAT,96.82
2011,4394,4394-2011,William Angliss Institute of TAFE,73.66
2011,4395,4395-2011,Adelaide Central School of Art,90.62
2011,4396,4396-2011,LCI Melbourne,88.65
2011,4401,4401-2011,Whitehouse Institute of Design; Australia,93.22
2011,4402,4402-2011,Leo Cussen Institute,98.22
2011,4403,4403-2011,Harvest West Bible College Inc,78.7
2011,4404,4404-2011,Carrick Higher Education,98.04
2011,4405,4405-2011,Australian Institute of Professional Counsellors,73.95
2011,4406,4406-2011,Canberra Institute of Technology,92.15
2011,4407,4407-2011,Alphacrucis College,83.7
2011,4408,4408-2011,TAFE Queensland t/a TAFE Queensland - Brisbane,76.9
2011,4409,4409-2011,Universal Business School Sydney (UBSS),68.41
2011,4410,4410-2011,Australian Institute of Management SA Division Inc,94.7
2011,4411,4411-2011,Stotts Colleges,66.8
2011,4412,4412-2011,Morling College,88.19
2011,4413,4413-2011,University College London,100
2011,4415,4415-2011,Top Education Institute,85.71
2011,7014,7014-2011,Jazz Music Institute,91.94
2011,7073,7073-2011,Chisholm Institute,89.6
2011,7075,7075-2011,TAFE NSW,95.45
2011,7116,7116-2011,Study Group Australia Pty Ltd,50
2011,7124,7124-2011,Academy of Information Technology,38.89
2012,1019,1019-2012,James Cook University,85.43
2012,1034,1034-2012,Murdoch University,81.48
2012,1055,1055-2012,The University of Western Australia,91.01
2012,1058,1058-2012,University of Wollongong,89.63
2012,2148,2148-2012,The National Institute of Dramatic Art,96.93
2012,2154,2154-2012,Federation University Australia,83.62
2012,2170,2170-2012,Marcus Oldham College,95.72
2012,2177,2177-2012,Swinburne University of Technology,81.28
2012,2200,2200-2012,CQUniversity,82.75
2012,2201,2201-2012,University of Southern Queensland,79.68
2012,2235,2235-2012,Edith Cowan University,84.61
2012,2236,2236-2012,Curtin University,86.53
2012,2241,2241-2012,University of Canberra,83.61
2012,2252,2252-2012,Avondale College of Higher Education,91.52
2012,2271,2271-2012,"Australian Film, Television and Radio School",98.67
2012,3001,3001-2012,Charles Darwin University,84.17
2012,3003,3003-2012,Bond University,82.25
2012,3004,3004-2012,Western Sydney University,82.47
2012,3005,3005-2012,Charles Sturt University,83.85
2012,3006,3006-2012,Australian Catholic University,90.57
2012,3007,3007-2012,Victoria University,81.7
2012,3010,3010-2012,The University of Adelaide,88.36
2012,3013,3013-2012,University of New South Wales,93.24
2012,3014,3014-2012,The University of Newcastle,86.92
2012,3016,3016-2012,University of Technology Sydney,90.52
2012,3019,3019-2012,The University of Queensland,90.57
2012,3020,3020-2012,La Trobe University,88.5
2012,3025,3025-2012,Macquarie University,86.31
2012,3027,3027-2012,University of South Australia,88.95
2012,3029,3029-2012,Flinders University,87.39
2012,3030,3030-2012,Deakin University,85.32
2012,3032,3032-2012,Griffith University,88.78
2012,3033,3033-2012,The Australian National University,93.17
2012,3034,3034-2012,RMIT University,88.41
2012,3035,3035-2012,Monash University,91.62
2012,3036,3036-2012,The University of Melbourne,94.5
2012,3038,3038-2012,Southern Cross University,79.53
2012,3039,3039-2012,The University of New England,82.31
2012,3040,3040-2012,The University of Sydney,91.66
2012,3042,3042-2012,Queensland University of Technology,88.75
2012,3043,3043-2012,University of the Sunshine Coast,85.38
2012,3044,3044-2012,The University of Notre Dame Australia,91.15
2012,3045,3045-2012,University of Tasmania,87.49
2012,4331,4331-2012,University of Divinity,91.4
2012,4332,4332-2012,Sydney College of Divinity,89.41
2012,4333,4333-2012,Christian Heritage College,81.12
2012,4334,4334-2012,Tabor Adelaide,88.42
2012,4335,4335-2012,Australian College of Theology,91.71
2012,4336,4336-2012,Australian College of Applied Psychology,77.04
2012,4337,4337-2012,Eastern College Australia,82.81
2012,4338,4338-2012,Moore Theological College,96.56
2012,4339,4339-2012,Holmes Institute,66.2
2012,4340,4340-2012,Monash College,82.47
2012,4341,4341-2012,Harvest Bible College,77.98
2012,4342,4342-2012,Australian Lutheran College,96.54
2012,4343,4343-2012,Australian Institute of Music,100
2012,4344,4344-2012,South Aust Institute of Business & Technology,66.82
2012,4346,4346-2012,Excelsia College,91.61
2012,4347,4347-2012,Tabor College NSW,83.38
2012,4348,4348-2012,Deakin College,66.43
2012,4349,4349-2012,Sydney Institute of Business and Technology,71.8
2012,4350,4350-2012,Queensland Institute of Business and Technology,76.31
2012,4351,4351-2012,Navitas College of Public Safety Pty Ltd,70.95
2012,4352,4352-2012,The Australian College of Physical Education,82.03
2012,4355,4355-2012,Adelaide College of Divinity,87.77
2012,4357,4357-2012,Blue Mountains Intl Hotel Management School,93.25
2012,4359,4359-2012,The College of Law,99.36
2012,4360,4360-2012,Perth Bible College,72.6
2012,4361,4361-2012,Endeavour College of Natural Health,80.79
2012,4362,4362-2012,International College of Hotel Management,91.31
2012,4363,4363-2012,Northern Melbourne Institute of TAFE,81.73
2012,4364,4364-2012,Edith Cowan College,72.12
2012,4365,4365-2012,Curtin College,78.71
2012,4366,4366-2012,Box Hill Institute,87.88
2012,4367,4367-2012,Melbourne Institute of Technology,74.7
2012,4368,4368-2012,Campion College,88.25
2012,4370,4370-2012,Tabor College Tasmania,100
2012,4371,4371-2012,SAE Creative Media Institute,72.16
2012,4373,4373-2012,Jansen Newman Institute Pty. Limited,94.44
2012,4374,4374-2012,Carnegie Mellon University Australia,99.27
2012,4375,4375-2012,Think: Colleges Pty Ltd,81.69
2012,4377,4377-2012,UOW College,73.83
2012,4378,4378-2012,JMC Academy,83.19
2012,4380,4380-2012,UTS:INSEARCH,83.29
2012,4381,4381-2012,"International College of Management, Sydney",78.4
2012,4382,4382-2012,Australian Guild of Music Education Inc.,46.84
2012,4383,4383-2012,Holmesglen Institute of TAFE,81.15
2012,4384,4384-2012,Kaplan Business School,69.81
2012,4385,4385-2012,Polytechnic West,78.53
2012,4386,4386-2012,Macleay College,80.9
2012,4387,4387-2012,Raffles College of Design and Commerce,100
2012,4388,4388-2012,Australian Academy of Music and Performing Arts,78.21
2012,4389,4389-2012,Cairnmillar Institute School,96.75
2012,4391,4391-2012,Eynesbury,76.67
2012,4392,4392-2012,Gestalt Therapy Brisbane,96.42
2012,4393,4393-2012,MIECAT,97.53
2012,4394,4394-2012,William Angliss Institute of TAFE,85.54
2012,4395,4395-2012,Adelaide Central School of Art,94.1
2012,4396,4396-2012,LCI Melbourne,91.77
2012,4401,4401-2012,Whitehouse Institute of Design; Australia,95.32
2012,4402,4402-2012,Leo Cussen Institute,99.71
2012,4403,4403-2012,Harvest West Bible College Inc,79.12
2012,4404,4404-2012,Carrick Higher Education,76.8
2012,4405,4405-2012,Australian Institute of Professional Counsellors,72.37
2012,4406,4406-2012,Canberra Institute of Technology,80.77
2012,4407,4407-2012,Alphacrucis College,87.82
2012,4408,4408-2012,TAFE Queensland t/a TAFE Queensland - Brisbane,79.09
2012,4409,4409-2012,Universal Business School Sydney (UBSS),76.9
2012,4410,4410-2012,Australian Institute of Management SA Division Inc,98.18
2012,4411,4411-2012,Stotts Colleges,63.16
2012,4412,4412-2012,Morling College,93.12
2012,4413,4413-2012,University College London,100
2012,4415,4415-2012,Top Education Institute,72.63
2012,4417,4417-2012,La Trobe Melbourne,60.42
2012,4418,4418-2012,Australian School of Management,82.35
2012,7001,7001-2012,Collarts,87.01
2012,7014,7014-2012,Jazz Music Institute,92.16
2012,7073,7073-2012,Chisholm Institute,81.62
2012,7075,7075-2012,TAFE NSW,98.67
2012,7116,7116-2012,Study Group Australia Pty Ltd,83.31
2012,7124,7124-2012,Academy of Information Technology,100
2013,1019,1019-2013,James Cook University,85.51
2013,1034,1034-2013,Murdoch University,80.72
2013,1055,1055-2013,The University of Western Australia,90.83
2013,1058,1058-2013,University of Wollongong,89
2013,2148,2148-2013,The National Institute of Dramatic Art,99.39
2013,2154,2154-2013,Federation University Australia,82.63
2013,2170,2170-2013,Marcus Oldham College,100
2013,2177,2177-2013,Swinburne University of Technology,79.74
2013,2200,2200-2013,CQUniversity,83.24
2013,2201,2201-2013,University of Southern Queensland,79.77
2013,2235,2235-2013,Edith Cowan University,83.72
2013,2236,2236-2013,Curtin University,86.42
2013,2241,2241-2013,University of Canberra,83.33
2013,2252,2252-2013,Avondale College of Higher Education,91.37
2013,2271,2271-2013,"Australian Film, Television and Radio School",99.76
2013,3001,3001-2013,Charles Darwin University,82.08
2013,3003,3003-2013,Bond University,80.18
2013,3004,3004-2013,Western Sydney University,82.63
2013,3005,3005-2013,Charles Sturt University,84.64
2013,3006,3006-2013,Australian Catholic University,89.1
2013,3007,3007-2013,Victoria University,81.1
2013,3010,3010-2013,The University of Adelaide,87.93
2013,3013,3013-2013,University of New South Wales,93.05
2013,3014,3014-2013,The University of Newcastle,86.32
2013,3016,3016-2013,University of Technology Sydney,90.37
2013,3019,3019-2013,The University of Queensland,90.2
2013,3020,3020-2013,La Trobe University,88.28
2013,3025,3025-2013,Macquarie University,86.65
2013,3027,3027-2013,University of South Australia,88.26
2013,3029,3029-2013,Flinders University,87.1
2013,3030,3030-2013,Deakin University,84.04
2013,3032,3032-2013,Griffith University,87.32
2013,3033,3033-2013,The Australian National University,93.16
2013,3034,3034-2013,RMIT University,87.94
2013,3035,3035-2013,Monash University,91.09
2013,3036,3036-2013,The University of Melbourne,94.7
2013,3038,3038-2013,Southern Cross University,78.2
2013,3039,3039-2013,The University of New England,80.41
2013,3040,3040-2013,The University of Sydney,91.43
2013,3042,3042-2013,Queensland University of Technology,87.92
2013,3043,3043-2013,University of the Sunshine Coast,85.84
2013,3044,3044-2013,The University of Notre Dame Australia,90.99
2013,3045,3045-2013,University of Tasmania,84.6
2013,4331,4331-2013,University of Divinity,93.69
2013,4333,4333-2013,Christian Heritage College,81.23
2013,4334,4334-2013,Tabor Adelaide,84.6
2013,4335,4335-2013,Australian College of Theology,91.48
2013,4336,4336-2013,Australian College of Applied Psychology,77.58
2013,4337,4337-2013,Eastern College Australia,90.62
2013,4338,4338-2013,Moore Theological College,95.82
2013,4339,4339-2013,Holmes Institute,66.07
2013,4340,4340-2013,Monash College,79.91
2013,4341,4341-2013,Harvest Bible College,75.78
2013,4343,4343-2013,Australian Institute of Music,100
2013,4344,4344-2013,South Aust Institute of Business & Technology,65.92
2013,4346,4346-2013,Excelsia College,92.04
2013,4347,4347-2013,Tabor College NSW,89.81
2013,4348,4348-2013,Deakin College,64.74
2013,4349,4349-2013,Sydney Institute of Business and Technology,71.87
2013,4350,4350-2013,Queensland Institute of Business and Technology,69.78
2013,4351,4351-2013,Navitas College of Public Safety Pty Ltd,69.36
2013,4352,4352-2013,The Australian College of Physical Education,83.67
2013,4355,4355-2013,Adelaide College of Divinity,89.76
2013,4357,4357-2013,Blue Mountains Intl Hotel Management School,93.11
2013,4359,4359-2013,The College of Law,98.8
2013,4360,4360-2013,Perth Bible College,90.86
2013,4361,4361-2013,Endeavour College of Natural Health,79.45
2013,4362,4362-2013,International College of Hotel Management,89.28
2013,4363,4363-2013,Northern Melbourne Institute of TAFE,83.92
2013,4364,4364-2013,Edith Cowan College,67.27
2013,4365,4365-2013,Curtin College,79.21
2013,4366,4366-2013,Box Hill Institute,85.12
2013,4367,4367-2013,Melbourne Institute of Technology,71.62
2013,4368,4368-2013,Campion College,93.34
2013,4370,4370-2013,Tabor College Tasmania,100
2013,4371,4371-2013,SAE Creative Media Institute,67.94
2013,4373,4373-2013,Jansen Newman Institute Pty. Limited,66.67
2013,4374,4374-2013,Carnegie Mellon University Australia,99.12
2013,4375,4375-2013,Think: Colleges Pty Ltd,81.26
2013,4377,4377-2013,UOW College,63.22
2013,4378,4378-2013,JMC Academy,83.19
2013,4380,4380-2013,UTS:INSEARCH,78.71
2013,4381,4381-2013,"International College of Management, Sydney",77.89
2013,4382,4382-2013,Australian Guild of Music Education Inc.,67.08
2013,4383,4383-2013,Holmesglen Institute of TAFE,79.34
2013,4384,4384-2013,Kaplan Business School,58.99
2013,4385,4385-2013,Polytechnic West,83.07
2013,4386,4386-2013,Macleay College,76.07
2013,4387,4387-2013,Raffles College of Design and Commerce,100
2013,4388,4388-2013,Australian Academy of Music and Performing Arts,84.69
2013,4389,4389-2013,Cairnmillar Institute School,96.43
2013,4391,4391-2013,Eynesbury,74.08
2013,4393,4393-2013,MIECAT,96.32
2013,4395,4395-2013,Adelaide Central School of Art,97.6
2013,4396,4396-2013,LCI Melbourne,90.62
2013,4401,4401-2013,Whitehouse Institute of Design; Australia,93.7
2013,4402,4402-2013,Leo Cussen Institute,99.41
2013,4405,4405-2013,Australian Institute of Professional Counsellors,68.19
2013,4406,4406-2013,Canberra Institute of Technology,83.11
2013,4407,4407-2013,Alphacrucis College,86.65
2013,4408,4408-2013,TAFE Queensland t/a TAFE Queensland - Brisbane,76.71
2013,4409,4409-2013,Universal Business School Sydney (UBSS),78.14
2013,4410,4410-2013,Australian Institute of Management SA Division Inc,96.98
2013,4411,4411-2013,Stotts Colleges,68.5
2013,4412,4412-2013,Morling College,96.32
2013,4413,4413-2013,University College London,98.04
2013,4415,4415-2013,Top Education Institute,70.92
2013,4417,4417-2013,La Trobe Melbourne,62.98
2013,4418,4418-2013,Australian School of Management,83.94
2013,4419,4419-2013,National Art School,94.12
2013,4420,4420-2013,Kent Institute Australia,63.23
2013,4421,4421-2013,Le Cordon Bleu Australia,87.36
2013,4423,4423-2013,Tabor College Perth,93.36
2013,4424,4424-2013,Kaplan Higher Education,84.72
2013,4425,4425-2013,Australian Institute of Business,80.09
2013,4426,4426-2013,John Paul ll Institute for Marriage and Family,86.67
2013,4427,4427-2013,Vose College,77.78
2013,4428,4428-2013,Nan Tien Institute,93.55
2013,4450,4450-2013,TAFE Queensland,80.96
2013,7014,7014-2013,Jazz Music Institute,93.45
2013,7035,7035-2013,Photography Studies College (Melbourne),85.32
2013,7041,7041-2013,Sydney Institute of Traditional Chinese Medicine,100
2013,7073,7073-2013,Chisholm Institute,75.66
2013,7075,7075-2013,TAFE NSW,97.94
2013,7116,7116-2013,Study Group Australia Pty Ltd,83.96
2013,7124,7124-2013,Academy of Information Technology,74.4
2013,7338,7338-2013,TAFE SA,84.69
2014,1019,1019-2014,James Cook University,84.73
2014,1034,1034-2014,Murdoch University,82.98
2014,1055,1055-2014,The University of Western Australia,91.64
2014,1058,1058-2014,University of Wollongong,88.68
2014,2148,2148-2014,The National Institute of Dramatic Art,96.13
2014,2154,2154-2014,Federation University Australia,81.84
2014,2170,2170-2014,Marcus Oldham College,99.54
2014,2177,2177-2014,Swinburne University of Technology,81.17
2014,2200,2200-2014,CQUniversity,83.57
2014,2201,2201-2014,University of Southern Queensland,78.24
2014,2235,2235-2014,Edith Cowan University,83.38
2014,2236,2236-2014,Curtin University,86.58
2014,2241,2241-2014,University of Canberra,82.1
2014,2252,2252-2014,Avondale College of Higher Education,90.12
2014,2271,2271-2014,"Australian Film, Television and Radio School",98.91
2014,3001,3001-2014,Charles Darwin University,82.68
2014,3003,3003-2014,Bond University,81.23
2014,3004,3004-2014,Western Sydney University,82.41
2014,3005,3005-2014,Charles Sturt University,84.93
2014,3006,3006-2014,Australian Catholic University,88.9
2014,3007,3007-2014,Victoria University,80.86
2014,3010,3010-2014,The University of Adelaide,88.67
2014,3013,3013-2014,University of New South Wales,93.15
2014,3014,3014-2014,The University of Newcastle,87.18
2014,3016,3016-2014,University of Technology Sydney,90.66
2014,3019,3019-2014,The University of Queensland,90.46
2014,3020,3020-2014,La Trobe University,88.34
2014,3025,3025-2014,Macquarie University,86.22
2014,3027,3027-2014,University of South Australia,88.38
2014,3029,3029-2014,Flinders University,87.46
2014,3030,3030-2014,Deakin University,84.29
2014,3032,3032-2014,Griffith University,86.58
2014,3033,3033-2014,The Australian National University,93.49
2014,3034,3034-2014,RMIT University,88.58
2014,3035,3035-2014,Monash University,91.63
2014,3036,3036-2014,The University of Melbourne,95.01
2014,3038,3038-2014,Southern Cross University,78.88
2014,3039,3039-2014,The University of New England,80.3
2014,3040,3040-2014,The University of Sydney,91.78
2014,3042,3042-2014,Queensland University of Technology,87.97
2014,3043,3043-2014,University of the Sunshine Coast,86.78
2014,3044,3044-2014,The University of Notre Dame Australia,91.85
2014,3045,3045-2014,University of Tasmania,84.65
2014,4331,4331-2014,University of Divinity,94.4
2014,4332,4332-2014,Sydney College of Divinity,90.09
2014,4333,4333-2014,Christian Heritage College,82.56
2014,4334,4334-2014,Tabor Adelaide,85.54
2014,4335,4335-2014,Australian College of Theology,91.55
2014,4336,4336-2014,Australian College of Applied Psychology,78.73
2014,4337,4337-2014,Eastern College Australia,90.85
2014,4338,4338-2014,Moore Theological College,96.79
2014,4339,4339-2014,Holmes Institute,66
2014,4340,4340-2014,Monash College,82.7
2014,4341,4341-2014,Harvest Bible College,75.58
2014,4343,4343-2014,Australian Institute of Music,81.18
2014,4344,4344-2014,South Aust Institute of Business & Technology,63.23
2014,4346,4346-2014,Excelsia College,91.51
2014,4347,4347-2014,Tabor College NSW,90.99
2014,4348,4348-2014,Deakin College,62.64
2014,4349,4349-2014,Sydney Institute of Business and Technology,69.14
2014,4350,4350-2014,Queensland Institute of Business and Technology,69.99
2014,4352,4352-2014,The Australian College of Physical Education,83.28
2014,4355,4355-2014,Adelaide College of Divinity,76.29
2014,4357,4357-2014,Blue Mountains Intl Hotel Management School,90.03
2014,4359,4359-2014,The College of Law,99.1
2014,4360,4360-2014,Perth Bible College,86.14
2014,4361,4361-2014,Endeavour College of Natural Health,80.32
2014,4362,4362-2014,International College of Hotel Management,90.86
2014,4363,4363-2014,Northern Melbourne Institute of TAFE,82.97
2014,4364,4364-2014,Edith Cowan College,60.9
2014,4365,4365-2014,Curtin College,77.79
2014,4366,4366-2014,Box Hill Institute,81.9
2014,4367,4367-2014,Melbourne Institute of Technology,72.71
2014,4368,4368-2014,Campion College,95.27
2014,4370,4370-2014,Tabor College Tasmania,83.71
2014,4371,4371-2014,SAE Creative Media Institute,79.56
2014,4374,4374-2014,Carnegie Mellon University Australia,98.85
2014,4375,4375-2014,Think: Colleges Pty Ltd,80.68
2014,4377,4377-2014,UOW College,72.94
2014,4378,4378-2014,JMC Academy,84.45
2014,4380,4380-2014,UTS:INSEARCH,77.89
2014,4381,4381-2014,"International College of Management, Sydney",80.1
2014,4382,4382-2014,Australian Guild of Music Education Inc.,71.68
2014,4383,4383-2014,Holmesglen Institute of TAFE,81.31
2014,4384,4384-2014,Kaplan Business School,63.14
2014,4385,4385-2014,Polytechnic West,85.4
2014,4386,4386-2014,Macleay College,81.59
2014,4387,4387-2014,Raffles College of Design and Commerce,85.01
2014,4388,4388-2014,Australian Academy of Music and Performing Arts,83.4
2014,4389,4389-2014,Cairnmillar Institute School,98.89
2014,4391,4391-2014,Eynesbury,71.92
2014,4392,4392-2014,Gestalt Therapy Brisbane,96.09
2014,4393,4393-2014,MIECAT,95.65
2014,4394,4394-2014,William Angliss Institute of TAFE,83.48
2014,4395,4395-2014,Adelaide Central School of Art,91.6
2014,4396,4396-2014,LCI Melbourne,91.53
2014,4401,4401-2014,Whitehouse Institute of Design; Australia,93.23
2014,4402,4402-2014,Leo Cussen Institute,97.97
2014,4403,4403-2014,Harvest West Bible College Inc,67.4
2014,4405,4405-2014,Australian Institute of Professional Counsellors,82.04
2014,4406,4406-2014,Canberra Institute of Technology,86.39
2014,4407,4407-2014,Alphacrucis College,87.67
2014,4409,4409-2014,Universal Business School Sydney (UBSS),62.98
2014,4410,4410-2014,Australian Institute of Management SA Division Inc,97.06
2014,4411,4411-2014,Stotts Colleges,63.84
2014,4412,4412-2014,Morling College,92.02
2014,4413,4413-2014,University College London,97.85
2014,4415,4415-2014,Top Education Institute,83.64
2014,4417,4417-2014,La Trobe Melbourne,73.07
2014,4418,4418-2014,Australian School of Management,84.54
2014,4419,4419-2014,National Art School,94.35
2014,4420,4420-2014,Kent Institute Australia,67.63
2014,4421,4421-2014,Le Cordon Bleu Australia,86.16
2014,4423,4423-2014,Tabor College Perth,89.44
2014,4424,4424-2014,Kaplan Higher Education,89.22
2014,4425,4425-2014,Australian Institute of Business,78.86
2014,4426,4426-2014,John Paul ll Institute for Marriage and Family,100
2014,4428,4428-2014,Nan Tien Institute,93.18
2014,4429,4429-2014,Australian Institute for Relationship Studies,100
2014,4445,4445-2014,Investment Banking Institute Business School,50
2014,4449,4449-2014,Torrens University Australia,76.06
2014,4450,4450-2014,TAFE Queensland,79.7
2014,7001,7001-2014,Collarts,81.59
2014,7007,7007-2014,Paramount College of Natural Medicine,45.08
2014,7014,7014-2014,Jazz Music Institute,93.65
2014,7035,7035-2014,Photography Studies College (Melbourne),95.57
2014,7041,7041-2014,Sydney Institute of Traditional Chinese Medicine,85.92
2014,7073,7073-2014,Chisholm Institute,69.12
2014,7075,7075-2014,TAFE NSW,84.15
2014,7116,7116-2014,Study Group Australia Pty Ltd,82.73
2014,7124,7124-2014,Academy of Information Technology,73.33
2014,7125,7125-2014,Phoenix Institute of Australia Pty Ltd,50
2014,7252,7252-2014,AIPE,59.86
2014,7338,7338-2014,TAFE SA,88.16
2015,1019,1019-2015,James Cook University,84.79
2015,1034,1034-2015,Murdoch University,83.05
2015,1055,1055-2015,The University of Western Australia,91.45
2015,1058,1058-2015,University of Wollongong,87.91
2015,2148,2148-2015,The National Institute of Dramatic Art,97.09
2015,2154,2154-2015,Federation University Australia,80.72
2015,2170,2170-2015,Marcus Oldham College,97.68
2015,2177,2177-2015,Swinburne University of Technology,82.9
2015,2200,2200-2015,CQUniversity,83.75
2015,2201,2201-2015,University of Southern Queensland,78.38
2015,2235,2235-2015,Edith Cowan University,83.29
2015,2236,2236-2015,Curtin University,85.94
2015,2241,2241-2015,University of Canberra,81.67
2015,2252,2252-2015,Avondale College of Higher Education,90.37
2015,2271,2271-2015,"Australian Film, Television and Radio School",96.03
2015,3001,3001-2015,Charles Darwin University,80.25
2015,3003,3003-2015,Bond University,81.39
2015,3004,3004-2015,Western Sydney University,81.52
2015,3005,3005-2015,Charles Sturt University,85.01
2015,3006,3006-2015,Australian Catholic University,89.27
2015,3007,3007-2015,Victoria University,81.95
2015,3010,3010-2015,The University of Adelaide,88.8
2015,3013,3013-2015,University of New South Wales,93.04
2015,3014,3014-2015,The University of Newcastle,87.09
2015,3016,3016-2015,University of Technology Sydney,91.23
2015,3019,3019-2015,The University of Queensland,90.58
2015,3020,3020-2015,La Trobe University,88.36
2015,3025,3025-2015,Macquarie University,86.87
2015,3027,3027-2015,University of South Australia,88.43
2015,3029,3029-2015,Flinders University,87.92
2015,3030,3030-2015,Deakin University,84.2
2015,3032,3032-2015,Griffith University,86.81
2015,3033,3033-2015,The Australian National University,93.71
2015,3034,3034-2015,RMIT University,89.73
2015,3035,3035-2015,Monash University,91.75
2015,3036,3036-2015,The University of Melbourne,94.94
2015,3038,3038-2015,Southern Cross University,78.24
2015,3039,3039-2015,The University of New England,80.17
2015,3040,3040-2015,The University of Sydney,91.24
2015,3042,3042-2015,Queensland University of Technology,88.9
2015,3043,3043-2015,University of the Sunshine Coast,86.15
2015,3044,3044-2015,The University of Notre Dame Australia,91.91
2015,3045,3045-2015,University of Tasmania,84.2
2015,4331,4331-2015,University of Divinity,92.94
2015,4332,4332-2015,Sydney College of Divinity,92.2
2015,4333,4333-2015,Christian Heritage College,83.95
2015,4334,4334-2015,Tabor Adelaide,88.47
2015,4335,4335-2015,Australian College of Theology,89.87
2015,4336,4336-2015,Australian College of Applied Psychology,81.65
2015,4337,4337-2015,Eastern College Australia,88.88
2015,4338,4338-2015,Moore Theological College,98.03
2015,4339,4339-2015,Holmes Institute,64.57
2015,4340,4340-2015,Monash College,80.07
2015,4341,4341-2015,Harvest Bible College,77.98
2015,4343,4343-2015,Australian Institute of Music,79.89
2015,4344,4344-2015,South Aust Institute of Business & Technology,63.53
2015,4346,4346-2015,Excelsia College,93.03
2015,4347,4347-2015,Tabor College NSW,93.13
2015,4348,4348-2015,Deakin College,63.76
2015,4349,4349-2015,Sydney Institute of Business and Technology,71.4
2015,4350,4350-2015,Queensland Institute of Business and Technology,74.1
2015,4352,4352-2015,The Australian College of Physical Education,79.86
2015,4355,4355-2015,Adelaide College of Divinity,80.31
2015,4357,4357-2015,Blue Mountains Intl Hotel Management School,88.71
2015,4359,4359-2015,The College of Law,93.22
2015,4360,4360-2015,Perth Bible College,71.29
2015,4361,4361-2015,Endeavour College of Natural Health,81.34
2015,4362,4362-2015,International College of Hotel Management,84.92
2015,4363,4363-2015,Northern Melbourne Institute of TAFE,84.49
2015,4364,4364-2015,Edith Cowan College,65.42
2015,4365,4365-2015,Curtin College,74.4
2015,4366,4366-2015,Box Hill Institute,83.96
2015,4367,4367-2015,Melbourne Institute of Technology,72.89
2015,4368,4368-2015,Campion College,95.53
2015,4370,4370-2015,Tabor College Tasmania,75
2015,4371,4371-2015,SAE Creative Media Institute,80.2
2015,4374,4374-2015,Carnegie Mellon University Australia,98.29
2015,4375,4375-2015,Think: Colleges Pty Ltd,79.2
2015,4377,4377-2015,UOW College,70.03
2015,4378,4378-2015,JMC Academy,85.02
2015,4380,4380-2015,UTS:INSEARCH,81.49
2015,4381,4381-2015,"International College of Management, Sydney",85.82
2015,4382,4382-2015,Australian Guild of Music Education Inc.,83.44
2015,4383,4383-2015,Holmesglen Institute of TAFE,79.54
2015,4384,4384-2015,Kaplan Business School,68.49
2015,4385,4385-2015,Polytechnic West,77.54
2015,4386,4386-2015,Macleay College,64.71
2015,4387,4387-2015,Raffles College of Design and Commerce,83.09
2015,4388,4388-2015,Australian Academy of Music and Performing Arts,89.07
2015,4389,4389-2015,Cairnmillar Institute School,98.15
2015,4391,4391-2015,Eynesbury,69.52
2015,4392,4392-2015,Gestalt Therapy Brisbane,90.97
2015,4394,4394-2015,William Angliss Institute of TAFE,80.44
2015,4395,4395-2015,Adelaide Central School of Art,95.57
2015,4396,4396-2015,LCI Melbourne,91.8
2015,4401,4401-2015,Whitehouse Institute of Design; Australia,93.16
2015,4402,4402-2015,Leo Cussen Institute,99.77
2015,4405,4405-2015,Australian Institute of Professional Counsellors,79.86
2015,4406,4406-2015,Canberra Institute of Technology,79.19
2015,4407,4407-2015,Alphacrucis College,84.72
2015,4409,4409-2015,Universal Business School Sydney (UBSS),57.91
2015,4410,4410-2015,Australian Institute of Management SA Division Inc,87.86
2015,4411,4411-2015,Stotts Colleges,60.89
2015,4412,4412-2015,Morling College,95.77
2015,4413,4413-2015,University College London,98.46
2015,4415,4415-2015,Top Education Institute,82.67
2015,4417,4417-2015,La Trobe Melbourne,78.9
2015,4418,4418-2015,Australian School of Management,85.34
2015,4419,4419-2015,National Art School,93.08
2015,4420,4420-2015,Kent Institute Australia,69.79
2015,4421,4421-2015,Le Cordon Bleu Australia,87.28
2015,4423,4423-2015,Tabor College Perth,92.86
2015,4424,4424-2015,Kaplan Higher Education,81.38
2015,4425,4425-2015,Australian Institute of Business,80.72
2015,4426,4426-2015,John Paul ll Institute for Marriage and Family,100
2015,4428,4428-2015,Nan Tien Institute,91.1
2015,4450,4450-2015,TAFE Queensland,77.29
2015,4453,4453-2015,Australasian College of Health and Wellness,68.1
2015,4458,4458-2015,Australian Institute of Management Education & Training,80
2015,5555,5555-2015,Torrens University Australia,78.2
2015,7001,7001-2015,Collarts,81.92
2015,7007,7007-2015,Paramount College of Natural Medicine,73.77
2015,7014,7014-2015,Jazz Music Institute,89.56
2015,7067,7067-2015,West Coast Institute of Training,45.67
2015,7072,7072-2015,Central Institute of Technology,92.86
2015,7073,7073-2015,Chisholm Institute,82.91
2015,7075,7075-2015,TAFE NSW,86.29
2015,7116,7116-2015,Study Group Australia Pty Ltd,72.29
2015,7124,7124-2015,Academy of Information Technology,40.42
2015,7125,7125-2015,Phoenix Institute of Australia Pty Ltd,100
2015,7252,7252-2015,AIPE,63.28
2015,7338,7338-2015,TAFE SA,82.96
2016,1019,1019-2016,James Cook University,85.19
2016,1034,1034-2016,Murdoch University,84.2
2016,1055,1055-2016,The University of Western Australia,90.83
2016,1058,1058-2016,University of Wollongong,88
2016,2148,2148-2016,The National Institute of Dramatic Art,98.39
2016,2154,2154-2016,Federation University Australia,83.33
2016,2170,2170-2016,Marcus Oldham College,98.61
2016,2177,2177-2016,Swinburne University of Technology,83.87
2016,2200,2200-2016,CQUniversity,83.74
2016,2201,2201-2016,University of Southern Queensland,78.61
2016,2235,2235-2016,Edith Cowan University,83.01
2016,2236,2236-2016,Curtin University,86.22
2016,2241,2241-2016,University of Canberra,83.25
2016,2252,2252-2016,Avondale College of Higher Education,88.45
2016,2271,2271-2016,"Australian Film, Television and Radio School",97.51
2016,3001,3001-2016,Charles Darwin University,81.64
2016,3003,3003-2016,Bond University,90.53
2016,3004,3004-2016,Western Sydney University,81.79
2016,3005,3005-2016,Charles Sturt University,84.07
2016,3006,3006-2016,Australian Catholic University,89.64
2016,3007,3007-2016,Victoria University,81.28
2016,3010,3010-2016,The University of Adelaide,89.65
2016,3013,3013-2016,University of New South Wales,92.83
2016,3014,3014-2016,The University of Newcastle,87.97
2016,3016,3016-2016,University of Technology Sydney,91.54
2016,3019,3019-2016,The University of Queensland,90.76
2016,3020,3020-2016,La Trobe University,88.45
2016,3025,3025-2016,Macquarie University,84.66
2016,3027,3027-2016,University of South Australia,88.66
2016,3029,3029-2016,Flinders University,87.39
2016,3030,3030-2016,Deakin University,84.69
2016,3032,3032-2016,Griffith University,86.39
2016,3033,3033-2016,The Australian National University,93.79
2016,3034,3034-2016,RMIT University,90.86
2016,3035,3035-2016,Monash University,91.99
2016,3036,3036-2016,The University of Melbourne,94.52
2016,3038,3038-2016,Southern Cross University,77.98
2016,3039,3039-2016,The University of New England,80.68
2016,3040,3040-2016,The University of Sydney,91.77
2016,3042,3042-2016,Queensland University of Technology,89.21
2016,3043,3043-2016,University of the Sunshine Coast,86.3
2016,3044,3044-2016,The University of Notre Dame Australia,93.17
2016,3045,3045-2016,University of Tasmania,86.88
2016,4331,4331-2016,University of Divinity,91.59
2016,4332,4332-2016,Sydney College of Divinity,92.38
2016,4333,4333-2016,Christian Heritage College,84.85
2016,4334,4334-2016,Tabor Adelaide,87.42
2016,4335,4335-2016,Australian College of Theology,91.51
2016,4336,4336-2016,Australian College of Applied Psychology,80.49
2016,4337,4337-2016,Eastern College Australia,87.06
2016,4338,4338-2016,Moore Theological College,95.96
2016,4339,4339-2016,Holmes Institute,66.16
2016,4340,4340-2016,Monash College,80.92
2016,4341,4341-2016,Harvest Bible College,78.16
2016,4343,4343-2016,Australian Institute of Music,79.8
2016,4344,4344-2016,South Aust Institute of Business & Technology,65.65
2016,4346,4346-2016,Excelsia College,91.88
2016,4347,4347-2016,Tabor College NSW,94.96
2016,4348,4348-2016,Deakin College,63.04
2016,4349,4349-2016,Sydney Institute of Business and Technology,73.78
2016,4350,4350-2016,Queensland Institute of Business and Technology,76.33
2016,4352,4352-2016,The Australian College of Physical Education,77.58
2016,4355,4355-2016,Adelaide College of Divinity,91.16
2016,4357,4357-2016,Blue Mountains Intl Hotel Management School,85.56
2016,4359,4359-2016,The College of Law,97.39
2016,4360,4360-2016,Perth Bible College,84.67
2016,4361,4361-2016,Endeavour College of Natural Health,78.6
2016,4362,4362-2016,International College of Hotel Management,86.45
2016,4363,4363-2016,Northern Melbourne Institute of TAFE,86.77
2016,4364,4364-2016,Edith Cowan College,66.36
2016,4365,4365-2016,Curtin College,73.91
2016,4366,4366-2016,Box Hill Institute,85.08
2016,4367,4367-2016,Melbourne Institute of Technology,77.66
2016,4368,4368-2016,Campion College,96.09
2016,4371,4371-2016,SAE Creative Media Institute,82.32
2016,4374,4374-2016,Carnegie Mellon University Australia,99.24
2016,4375,4375-2016,Think: Colleges Pty Ltd,80.37
2016,4377,4377-2016,UOW College,90.4
2016,4378,4378-2016,JMC Academy,84.74
2016,4380,4380-2016,UTS:INSEARCH,84.95
2016,4381,4381-2016,"International College of Management, Sydney",84.61
2016,4382,4382-2016,Australian Guild of Music Education Inc.,100
2016,4383,4383-2016,Holmesglen Institute of TAFE,82.05
2016,4384,4384-2016,Kaplan Business School,75.61
2016,4385,4385-2016,Polytechnic West,83.56
2016,4386,4386-2016,Macleay College,81.97
2016,4387,4387-2016,Raffles College of Design and Commerce,81.81
2016,4388,4388-2016,Australian Academy of Music and Performing Arts,88.61
2016,4389,4389-2016,Cairnmillar Institute School,97.27
2016,4391,4391-2016,Eynesbury,73.48
2016,4392,4392-2016,Gestalt Therapy Brisbane,93.29
2016,4393,4393-2016,MIECAT,98.96
2016,4394,4394-2016,William Angliss Institute of TAFE,84.59
2016,4395,4395-2016,Adelaide Central School of Art,93.72
2016,4396,4396-2016,LCI Melbourne,88.45
2016,4401,4401-2016,Whitehouse Institute of Design; Australia,93.66
2016,4402,4402-2016,Leo Cussen Institute,100
2016,4405,4405-2016,Australian Institute of Professional Counsellors,85.15
2016,4406,4406-2016,Canberra Institute of Technology,83.7
2016,4407,4407-2016,Alphacrucis College,74.45
2016,4409,4409-2016,Universal Business School Sydney (UBSS),56.27
2016,4411,4411-2016,Stotts Colleges,52.51
2016,4412,4412-2016,Morling College,93.05
2016,4413,4413-2016,University College London,100
2016,4415,4415-2016,Top Education Institute,79.28
2016,4417,4417-2016,La Trobe Melbourne,75.93
2016,4418,4418-2016,Australian School of Management,72.58
2016,4419,4419-2016,National Art School,91.23
2016,4420,4420-2016,Kent Institute Australia,76.45
2016,4421,4421-2016,Le Cordon Bleu Australia,90.97
2016,4424,4424-2016,Kaplan Higher Education,84.8
2016,4425,4425-2016,Australian Institute of Business,83.87
2016,4426,4426-2016,John Paul ll Institute for Marriage and Family,100
2016,4428,4428-2016,Nan Tien Institute,93.06
2016,4450,4450-2016,TAFE Queensland,77.14
2016,4453,4453-2016,Australasian College of Health and Wellness,68.91
2016,4455,4455-2016,S P Jain School of Global Management,100
2016,4458,4458-2016,Australian Institute of Management Education & Training,89.4
2016,4468,4468-2016,South Metropolitan TAFE,75.78
2016,5555,5555-2016,Torrens University Australia,83.96
2016,6043,6043-2016,The Cairnmillar Institute,99.53
2016,7001,7001-2016,Collarts,79.04
2016,7007,7007-2016,Paramount College of Natural Medicine,80.03
2016,7014,7014-2016,Jazz Music Institute,89.93
2016,7035,7035-2016,Photography Studies College (Melbourne),92.37
2016,7041,7041-2016,Sydney Institute of Traditional Chinese Medicine,95.85
2016,7067,7067-2016,West Coast Institute of Training,0
2016,7072,7072-2016,Central Institute of Technology,85.35
2016,7073,7073-2016,Chisholm Institute,76.68
2016,7075,7075-2016,TAFE NSW,85.52
2016,7116,7116-2016,Study Group Australia Pty Ltd,79.85
2016,7124,7124-2016,Academy of Information Technology,82.8
2016,7221,7221-2016,VIT (Victorian Institute of Technology),66.48
2016,7338,7338-2016,TAFE SA,87.29
2016,8071,8071-2016,North Metropolitan TAFE,88.87
2017,1019,1019-2017,James Cook University,86.04
2017,1034,1034-2017,Murdoch University,84.01
2017,1055,1055-2017,The University of Western Australia,90.25
2017,1058,1058-2017,University of Wollongong,88.04
2017,2148,2148-2017,The National Institute of Dramatic Art,97.93
2017,2154,2154-2017,Federation University Australia,84.94
2017,2170,2170-2017,Marcus Oldham College,98.49
2017,2177,2177-2017,Swinburne University of Technology,83.55
2017,2200,2200-2017,CQUniversity,84.02
2017,2201,2201-2017,University of Southern Queensland,78.09
2017,2235,2235-2017,Edith Cowan University,83.92
2017,2236,2236-2017,Curtin University,85.8
2017,2241,2241-2017,University of Canberra,83.41
2017,2252,2252-2017,Avondale College of Higher Education,87.99
2017,2271,2271-2017,"Australian Film, Television and Radio School",96.63
2017,3001,3001-2017,Charles Darwin University,83.36
2017,3003,3003-2017,Bond University,93.58
2017,3004,3004-2017,Western Sydney University,82.85
2017,3005,3005-2017,Charles Sturt University,84.06
2017,3006,3006-2017,Australian Catholic University,90.55
2017,3007,3007-2017,Victoria University,82.73
2017,3010,3010-2017,The University of Adelaide,90.54
2017,3013,3013-2017,University of New South Wales,93.3
2017,3014,3014-2017,The University of Newcastle,88.22
2017,3016,3016-2017,University of Technology Sydney,91.3
2017,3019,3019-2017,The University of Queensland,91.26
2017,3020,3020-2017,La Trobe University,88.57
2017,3025,3025-2017,Macquarie University,84.52
2017,3027,3027-2017,University of South Australia,88.92
2017,3029,3029-2017,Flinders University,87.81
2017,3030,3030-2017,Deakin University,85.83
2017,3032,3032-2017,Griffith University,85.66
2017,3033,3033-2017,The Australian National University,93.67
2017,3034,3034-2017,RMIT University,90.85
2017,3035,3035-2017,Monash University,92.42
2017,3036,3036-2017,The University of Melbourne,94.13
2017,3038,3038-2017,Southern Cross University,79.59
2017,3039,3039-2017,The University of New England,77.47
2017,3040,3040-2017,The University of Sydney,92.25
2017,3042,3042-2017,Queensland University of Technology,89.27
2017,3043,3043-2017,University of the Sunshine Coast,85.29
2017,3044,3044-2017,The University of Notre Dame Australia,94.4
2017,3045,3045-2017,University of Tasmania,85.99
2017,4331,4331-2017,University of Divinity,90.68
2017,4332,4332-2017,Sydney College of Divinity,90.23
2017,4333,4333-2017,Christian Heritage College,86.94
2017,4334,4334-2017,Tabor Adelaide,90.84
2017,4335,4335-2017,Australian College of Theology,92.64
2017,4336,4336-2017,Australian College of Applied Psychology,80.12
2017,4337,4337-2017,Eastern College Australia,89.69
2017,4338,4338-2017,Moore Theological College,99.6
2017,4339,4339-2017,Holmes Institute,68.25
2017,4340,4340-2017,Monash College,81.89
2017,4341,4341-2017,Harvest Bible College,80.08
2017,4343,4343-2017,Australian Institute of Music,82.26
2017,4344,4344-2017,South Aust Institute of Business & Technology,67.06
2017,4346,4346-2017,Excelsia College,88.74
2017,4347,4347-2017,Tabor College NSW,89.26
2017,4348,4348-2017,Deakin College,64.42
2017,4349,4349-2017,Sydney Institute of Business and Technology,76.85
2017,4350,4350-2017,Queensland Institute of Business and Technology,73.84
2017,4352,4352-2017,The Australian College of Physical Education,78.06
2017,4355,4355-2017,Adelaide College of Divinity,84.11
2017,4359,4359-2017,The College of Law,96.77
2017,4360,4360-2017,Perth Bible College,80.53
2017,4361,4361-2017,Endeavour College of Natural Health,78.74
2017,4362,4362-2017,International College of Hotel Management,86.59
2017,4363,4363-2017,Northern Melbourne Institute of TAFE,87.52
2017,4364,4364-2017,Edith Cowan College,61.45
2017,4365,4365-2017,Curtin College,74.58
2017,4366,4366-2017,Box Hill Institute,83.85
2017,4367,4367-2017,Melbourne Institute of Technology,85.58
2017,4368,4368-2017,Campion College,93.25
2017,4371,4371-2017,SAE Creative Media Institute,81.22
2017,4374,4374-2017,Carnegie Mellon University Australia,98.55
2017,4375,4375-2017,Think: Colleges Pty Ltd,79.54
2017,4377,4377-2017,UOW College,73.54
2017,4378,4378-2017,JMC Academy,85.61
2017,4380,4380-2017,UTS:INSEARCH,84.37
2017,4381,4381-2017,"International College of Management, Sydney",85.31
2017,4382,4382-2017,Australian Guild of Music Education Inc.,73.95
2017,4383,4383-2017,Holmesglen Institute of TAFE,81.75
2017,4384,4384-2017,Kaplan Business School,82.95
2017,4386,4386-2017,Macleay College,86.57
2017,4387,4387-2017,Raffles College of Design and Commerce,89.97
2017,4388,4388-2017,Australian Academy of Music and Performing Arts,86.9
2017,4391,4391-2017,Eynesbury,70.66
2017,4392,4392-2017,Gestalt Therapy Brisbane,96.78
2017,4393,4393-2017,MIECAT,98.89
2017,4394,4394-2017,William Angliss Institute of TAFE,85.42
2017,4395,4395-2017,Adelaide Central School of Art,93.87
2017,4396,4396-2017,LCI Melbourne,84.68
2017,4401,4401-2017,Whitehouse Institute of Design; Australia,90
2017,4402,4402-2017,Leo Cussen Institute,99.77
2017,4405,4405-2017,Australian Institute of Professional Counsellors,80.2
2017,4406,4406-2017,Canberra Institute of Technology,79.8
2017,4407,4407-2017,Alphacrucis College,81.44
2017,4409,4409-2017,Universal Business School Sydney (UBSS),60.29
2017,4411,4411-2017,Stotts Colleges,58.53
2017,4412,4412-2017,Morling College,95.46
2017,4415,4415-2017,Top Education Institute,77.92
2017,4417,4417-2017,La Trobe Melbourne,74.99
2017,4419,4419-2017,National Art School,92.12
2017,4420,4420-2017,Kent Institute Australia,79.18
2017,4421,4421-2017,Le Cordon Bleu Australia,88.86
2017,4424,4424-2017,Kaplan Higher Education,85.73
2017,4425,4425-2017,Australian Institute of Business,83.33
2017,4426,4426-2017,John Paul ll Institute for Marriage and Family,82.02
2017,4428,4428-2017,Nan Tien Institute,89.12
2017,4434,4434-2017,Wentworth Institute,92.89
2017,4450,4450-2017,TAFE Queensland,82.18
2017,4453,4453-2017,Australasian College of Health and Wellness,100
2017,4455,4455-2017,S P Jain School of Global Management,96.18
2017,4458,4458-2017,Australian Institute of Management Education & Training,87.64
2017,4464,4464-2017,Australian College of Nursing Ltd,90.71
2017,4468,4468-2017,South Metropolitan TAFE,79.32
2017,5555,5555-2017,Torrens University Australia,76.37
2017,6043,6043-2017,The Cairnmillar Institute,98.37
2017,6044,6044-2017,The Australian Institute of Theological Education,89.75
2017,7001,7001-2017,Collarts,79.04
2017,7007,7007-2017,Paramount College of Natural Medicine,88.38
2017,7014,7014-2017,Jazz Music Institute,93.38
2017,7035,7035-2017,Photography Studies College (Melbourne),90.91
2017,7041,7041-2017,Sydney Institute of Traditional Chinese Medicine,89.53
2017,7073,7073-2017,Chisholm Institute,75.1
2017,7075,7075-2017,TAFE NSW,82.81
2017,7116,7116-2017,Study Group Australia Pty Ltd,66.46
2017,7124,7124-2017,Academy of Information Technology,78.23
2017,7197,7197-2017,Ikon Institute of Australia,76.66
2017,7221,7221-2017,VIT (Victorian Institute of Technology),76
2017,7338,7338-2017,TAFE SA,73.3
2017,8071,8071-2017,North Metropolitan TAFE,88.22
